episode,success,return,steps
0,0,0.16926370248422515,400
1,0,0.23444459584373847,400
2,0,0.14527331890259657,400
3,0,0.337468482047274,400
4,0,0.32127666496367485,400
