episode,success,return,steps
0,0,0.25937732557218496,400
1,0,0.28707096397943316,400
2,0,0.16953311287445863,400
3,0,0.194583374156232,400
4,0,0.15177346093322028,400
